n_mels,groups,params,flops,test_acc,epoch_time
20,1,43522,2693376.0,0.81,0.6
40,1,44162,2822656.0,0.8300000000000001,0.6
80,1,45442,3081216.0,0.87,0.6
40,2,27266,1590784.0,0.8200000000000001,0.7
40,4,18818,974848.0,0.8,0.9
40,8,14594,666880.0,0.7600000000000001,1.3
40,16,12482,512896.0,0.68,2.1
