n_mels,groups,params,flops,test_acc,train_loss,epoch_time
80,1,45442,3081216.0,0.9745145631067961,0.20520029488950967,19.817573070526123\n